Pclass,Age,SibSp,Parch,Fare,name__len,age__was_missing,cabin__was_missing,embarked__was_missing,sex_female,sex_male,ticket__freq,cabin__freq,embarked_C,embarked_Q,embarked_S,Survived
3,4.0,1,1,16.7,31.0,0,0,0,1,0,0.002244668911335578,0.004489337822671156,0,0,1,1
1,45.5,0,0,28.5,19.0,0,0,0,0,1,0.001122334455667789,0.002244668911335578,0,0,1,0
2,23.0,0,0,13.0,26.0,0,1,0,0,1,0.001122334455667789,0.7710437710437711,0,0,1,0
3,32.0,0,0,7.925,18.0,0,1,0,0,1,0.001122334455667789,0.7710437710437711,0,0,1,0
3,26.0,1,0,7.8542,23.0,0,1,0,0,1,0.001122334455667789,0.7710437710437711,0,0,1,0
3,6.0,4,2,31.275,34.0,0,1,0,1,0,0.007856341189674524,0.7710437710437711,0,0,1,0
1,24.0,0,1,247.5208,24.0,0,0,0,0,1,0.002244668911335578,0.002244668911335578,1,0,0,0
1,45.0,0,0,26.55,33.0,0,0,0,0,1,0.001122334455667789,0.001122334455667789,0,0,1,0
2,29.0,1,0,27.7208,25.0,0,1,0,0,1,0.001122334455667789,0.7710437710437711,1,0,0,0
3,28.0,0,0,7.8958,19.0,1,1,0,0,1,0.001122334455667789,0.7710437710437711,0,0,1,0
1,28.0,0,0,35.5,17.0,1,0,0,0,1,0.001122334455667789,0.002244668911335578,0,0,1,1
2,42.0,0,0,13.0,24.0,0,1,0,1,0,0.001122334455667789,0.7710437710437711,0,0,1,1
3,36.0,1,1,24.15,27.0,0,1,0,0,1,0.003367003367003367,0.7710437710437711,0,0,1,0
2,33.0,0,0,12.275,22.0,0,1,0,0,1,0.001122334455667789,0.7710437710437711,0,0,1,0
3,17.0,1,0,7.0542,25.0,0,1,0,0,1,0.001122334455667789,0.7710437710437711,0,0,1,0
3,29.0,0,0,9.5,27.0,0,1,0,0,1,0.001122334455667789,0.7710437710437711,0,0,1,1
2,50.0,0,1,26.0,27.0,0,1,0,1,0,0.002244668911335578,0.7710437710437711,0,0,1,1
1,35.0,1,0,90.0,47.0,0,0,0,1,0,0.002244668911335578,0.002244668911335578,0,0,1,1
1,38.0,0,0,227.525,29.0,0,0,0,1,0,0.004489337822671156,0.001122334455667789,1,0,0,1
2,34.0,0,0,13.0,20.0,0,1,0,0,1,0.002244668911335578,0.7710437710437711,0,0,1,0
1,17.0,1,0,57.0,41.0,0,0,0,1,0,0.002244668911335578,0.002244668911335578,0,0,1,1
3,11.0,4,2,31.275,33.0,0,1,0,1,0,0.007856341189674524,0.7710437710437711,0,0,1,0
3,61.0,0,0,6.2375,25.0,0,1,0,0,1,0.001122334455667789,0.7710437710437711,0,0,1,0
3,30.0,0,0,8.6625,19.0,0,1,0,1,0,0.001122334455667789,0.7710437710437711,0,0,1,0
2,7.0,0,2,26.25,22.0,0,1,0,1,0,0.003367003367003367,0.7710437710437711,0,0,1,1
3,63.0,0,0,9.5875,22.0,0,1,0,1,0,0.001122334455667789,0.7710437710437711,0,0,1,1
3,20.0,0,0,7.2292,21.0,0,1,0,0,1,0.001122334455667789,0.7710437710437711,1,0,0,1
3,28.0,0,2,22.3583,38.0,1,1,0,1,0,0.002244668911335578,0.7710437710437711,1,0,0,1
3,29.0,0,0,9.4833,26.0,0,1,0,0,1,0.001122334455667789,0.7710437710437711,0,0,1,0
1,36.0,1,2,120.0,26.0,0,0,0,0,1,0.004489337822671156,0.004489337822671156,0,0,1,1
3,28.0,0,0,14.4583,21.0,1,1,0,0,1,0.002244668911335578,0.7710437710437711,1,0,0,0
3,50.0,0,0,8.05,24.0,0,1,0,0,1,0.001122334455667789,0.7710437710437711,0,0,1,0
1,27.0,0,2,211.5,25.0,0,0,0,0,1,0.001122334455667789,0.001122334455667789,1,0,0,0
3,30.0,0,0,7.25,30.0,0,1,0,0,1,0.001122334455667789,0.7710437710437711,0,0,1,0
1,33.0,1,0,90.0,22.0,0,0,0,1,0,0.002244668911335578,0.002244668911335578,0,1,0,1
3,28.0,0,0,7.725,18.0,1,1,0,0,1,0.001122334455667789,0.7710437710437711,0,1,0,0
3,28.0,3,1,25.4667,18.0,1,1,0,1,0,0.004489337822671156,0.7710437710437711,0,0,1,0
3,2.0,3,1,21.075,30.0,0,1,0,0,1,0.004489337822671156,0.7710437710437711,0,0,1,0
2,25.0,1,1,30.0,27.0,0,1,0,1,0,0.001122334455667789,0.7710437710437711,0,0,1,1
1,51.0,0,1,61.3792,27.0,0,1,0,0,1,0.001122334455667789,0.7710437710437711,1,0,0,0
2,25.0,0,1,26.0,44.0,0,1,0,1,0,0.002244668911335578,0.7710437710437711,0,0,1,1
3,28.0,0,0,7.25,22.0,1,1,0,0,1,0.001122334455667789,0.7710437710437711,0,0,1,0
3,28.0,0,0,7.8958,32.0,1,1,0,0,1,0.001122334455667789,0.7710437710437711,0,0,1,0
2,24.0,0,0,13.0,38.0,0,1,0,1,0,0.001122334455667789,0.7710437710437711,0,0,1,0
3,18.0,1,1,20.2125,27.0,0,1,0,0,1,0.002244668911335578,0.7710437710437711,0,0,1,0
1,28.0,0,0,30.5,21.0,1,0,0,0,1,0.001122334455667789,0.001122334455667789,0,0,1,1
3,25.0,0,0,7.05,22.0,0,1,0,0,1,0.001122334455667789,0.7710437710437711,0,0,1,0
2,24.0,0,2,14.5,31.0,0,1,0,1,0,0.002244668911335578,0.7710437710437711,0,0,1,1
3,22.0,0,0,7.5208,25.0,0,1,0,0,1,0.001122334455667789,0.7710437710437711,0,0,1,0
1,1.0,1,2,151.55,30.0,0,0,0,0,1,0.004489337822671156,0.003367003367003367,0,0,1,1
2,24.0,1,0,26.0,35.0,0,1,0,1,0,0.002244668911335578,0.7710437710437711,0,0,1,1
3,26.0,0,0,7.925,22.0,0,1,0,1,0,0.001122334455667789,0.7710437710437711,0,0,1,1
2,34.0,1,0,21.0,18.0,0,1,0,0,1,0.001122334455667789,0.7710437710437711,0,0,1,0
1,21.0,2,2,249.00622000000035,37.0,0,0,0,1,0,0.002244668911335578,0.002244668911335578,1,0,0,1
3,28.0,0,0,7.75,17.0,1,1,0,0,1,0.001122334455667789,0.7710437710437711,0,1,0,0
3,28.0,0,0,7.2292,30.0,1,1,0,1,0,0.001122334455667789,0.7710437710437711,1,0,0,1
3,28.0,0,0,8.6625,19.0,1,1,0,0,1,0.001122334455667789,0.7710437710437711,0,0,1,0
3,22.0,0,0,7.775,18.0,0,1,0,1,0,0.001122334455667789,0.7710437710437711,0,0,1,1
1,62.0,0,0,80.0,41.0,0,0,1,1,0,0.002244668911335578,0.002244668911335578,0,0,1,1
3,18.0,0,0,9.8417,23.0,0,1,0,1,0,0.001122334455667789,0.7710437710437711,0,0,1,1
1,42.0,0,0,227.525,21.0,0,1,0,1,0,0.004489337822671156,0.7710437710437711,1,0,0,1
2,57.0,0,0,12.35,30.0,0,1,0,0,1,0.001122334455667789,0.7710437710437711,0,1,0,0
3,19.0,0,0,0.0,31.0,0,1,0,0,1,0.004489337822671156,0.7710437710437711,0,0,1,0
2,42.0,1,0,26.0,51.0,0,1,0,1,0,0.001122334455667789,0.7710437710437711,0,0,1,1
3,28.0,0,0,7.225,18.0,1,1,0,0,1,0.001122334455667789,0.7710437710437711,1,0,0,0
3,20.0,0,0,8.6625,23.0,0,1,0,1,0,0.001122334455667789,0.7710437710437711,0,0,1,0
3,34.5,0,0,6.4375,26.0,0,1,0,0,1,0.001122334455667789,0.7710437710437711,1,0,0,0
3,28.0,0,0,9.5,27.0,0,1,0,0,1,0.001122334455667789,0.7710437710437711,0,0,1,0
3,28.0,0,0,8.05,18.0,1,1,0,0,1,0.001122334455667789,0.7710437710437711,0,0,1,0
3,23.0,0,0,7.8958,18.0,0,1,0,0,1,0.001122334455667789,0.7710437710437711,0,0,1,0
3,22.0,0,0,7.25,22.0,0,1,0,0,1,0.001122334455667789,0.7710437710437711,0,0,1,0
1,52.0,0,0,30.5,30.0,0,0,0,0,1,0.001122334455667789,0.001122334455667789,0,0,1,1
3,30.0,0,0,12.475,24.0,0,1,0,1,0,0.002244668911335578,0.7710437710437711,0,0,1,1
2,36.5,0,2,26.0,40.0,0,0,0,0,1,0.003367003367003367,0.003367003367003367,0,0,1,0
3,28.0,0,0,7.75,16.0,1,1,0,0,1,0.001122334455667789,0.7710437710437711,0,1,0,0
3,22.0,0,0,7.2292,21.0,0,1,0,0,1,0.001122334455667789,0.7710437710437711,1,0,0,0
1,50.0,2,0,133.65,29.0,0,1,0,0,1,0.002244668911335578,0.7710437710437711,0,0,1,1
3,27.0,0,0,6.975,23.0,0,1,0,0,1,0.001122334455667789,0.7710437710437711,0,0,1,1
3,22.0,0,0,8.05,21.0,0,1,0,0,1,0.001122334455667789,0.7710437710437711,0,0,1,0
1,51.0,1,0,77.9583,36.0,0,0,0,1,0,0.003367003367003367,0.001122334455667789,0,0,1,1
2,36.0,0,0,10.5,17.0,0,1,0,0,1,0.001122334455667789,0.7710437710437711,0,0,1,0
2,29.0,1,0,26.0,45.0,0,1,0,1,0,0.001122334455667789,0.7710437710437711,0,0,1,1
1,22.0,0,0,151.55,20.0,0,1,0,1,0,0.004489337822671156,0.7710437710437711,0,0,1,1
1,50.0,1,0,106.425,26.0,0,0,0,0,1,0.002244668911335578,0.001122334455667789,1,0,0,0
2,40.0,0,0,13.0,25.0,0,1,0,1,0,0.001122334455667789,0.7710437710437711,0,0,1,1
3,27.0,0,0,8.6625,17.0,0,1,0,0,1,0.001122334455667789,0.7710437710437711,0,0,1,1
1,28.0,0,0,0.0,29.0,1,1,0,0,1,0.001122334455667789,0.7710437710437711,0,0,1,0
1,65.0,0,0,26.55,25.0,0,0,0,0,1,0.001122334455667789,0.001122334455667789,0,0,1,0
3,17.0,0,0,8.6625,16.0,0,1,0,0,1,0.001122334455667789,0.7710437710437711,0,0,1,0
1,28.0,0,0,26.55,41.0,0,0,0,0,1,0.001122334455667789,0.002244668911335578,0,0,1,1
1,4.0,0,2,81.8583,25.0,0,0,0,0,1,0.001122334455667789,0.001122334455667789,0,0,1,1
3,28.0,0,0,7.8958,17.0,1,1,0,0,1,0.001122334455667789,0.7710437710437711,0,0,1,0
3,1.0,1,1,11.1333,28.0,0,1,0,1,0,0.003367003367003367,0.7710437710437711,0,0,1,1
2,36.0,1,2,27.75,21.0,0,1,0,0,1,0.003367003367003367,0.7710437710437711,0,0,1,0
2,43.0,1,1,26.25,18.0,0,1,0,0,1,0.003367003367003367,0.7710437710437711,0,0,1,0
1,38.0,0,1,153.4625,25.0,0,0,0,0,1,0.003367003367003367,0.001122334455667789,0,0,1,0
2,31.0,1,1,26.25,43.0,0,1,0,1,0,0.003367003367003367,0.7710437710437711,0,0,1,1
3,29.0,0,0,8.05,20.0,0,1,0,0,1,0.001122334455667789,0.7710437710437711,0,0,1,0
3,18.0,0,0,8.3,22.0,0,1,0,0,1,0.001122334455667789,0.7710437710437711,0,0,1,0
2,28.0,0,0,15.05,16.0,1,1,0,0,1,0.001122334455667789,0.7710437710437711,1,0,0,0
1,39.0,1,1,110.8833,52.0,0,0,0,1,0,0.004489337822671156,0.002244668911335578,1,0,0,1
2,39.0,0,0,13.0,18.0,0,1,0,0,1,0.001122334455667789,0.7710437710437711,0,0,1,0
3,26.0,2,0,8.6625,17.0,0,1,0,0,1,0.001122334455667789,0.7710437710437711,0,0,1,0
3,20.0,0,0,7.05,30.0,0,1,0,0,1,0.001122334455667789,0.7710437710437711,0,0,1,0
1,28.0,1,0,133.65,50.0,1,1,0,1,0,0.002244668911335578,0.7710437710437711,0,0,1,1
3,49.0,0,0,0.0,19.0,0,1,0,0,1,0.004489337822671156,0.7710437710437711,0,0,1,0
2,23.0,0,0,15.0458,18.0,0,1,0,0,1,0.001122334455667789,0.7710437710437711,1,0,0,0
3,1.0,4,1,39.6875,28.0,0,1,0,0,1,0.006734006734006734,0.7710437710437711,0,0,1,0
3,28.0,0,0,7.8792,29.0,1,1,0,1,0,0.001122334455667789,0.7710437710437711,0,1,0,1
3,28.0,1,2,23.45,22.0,1,1,0,0,1,0.002244668911335578,0.7710437710437711,0,0,1,0
2,3.0,1,1,26.0,26.0,0,0,0,0,1,0.003367003367003367,0.003367003367003367,0,0,1,1
3,4.0,1,1,11.1333,31.0,0,1,0,0,1,0.003367003367003367,0.7710437710437711,0,0,1,1
3,19.0,0,0,7.65,42.0,0,0,0,0,1,0.001122334455667789,0.002244668911335578,0,0,1,0
3,40.5,0,0,7.75,18.0,0,1,0,0,1,0.001122334455667789,0.7710437710437711,0,1,0,0
3,1.0,0,2,15.7417,27.0,0,1,0,1,0,0.002244668911335578,0.7710437710437711,1,0,0,1
3,28.0,0,2,15.2458,29.0,1,1,0,1,0,0.002244668911335578,0.7710437710437711,1,0,0,0
3,21.0,0,0,7.925,25.0,0,1,0,0,1,0.001122334455667789,0.7710437710437711,0,0,1,0
1,54.0,0,0,51.8625,23.0,0,0,0,0,1,0.001122334455667789,0.001122334455667789,0,0,1,0
3,28.0,0,0,15.5,19.0,1,1,0,0,1,0.001122334455667789,0.7710437710437711,0,1,0,0
2,25.0,1,2,41.5792,38.0,0,1,0,0,1,0.003367003367003367,0.7710437710437711,1,0,0,0
3,26.0,1,0,14.4542,27.0,0,1,0,0,1,0.001122334455667789,0.7710437710437711,1,0,0,0
3,22.0,0,0,10.5167,28.0,0,1,0,1,0,0.001122334455667789,0.7710437710437711,0,0,1,0
3,31.0,1,1,20.525,46.0,0,1,0,1,0,0.003367003367003367,0.7710437710437711,0,0,1,1
1,49.0,1,0,89.1042,24.0,0,0,0,0,1,0.002244668911335578,0.002244668911335578,1,0,0,1
2,19.0,1,1,36.75,28.0,0,1,0,0,1,0.002244668911335578,0.7710437710437711,0,0,1,0
2,24.0,0,0,10.5,33.0,0,1,0,0,1,0.001122334455667789,0.7710437710437711,0,0,1,0
3,16.0,0,0,8.05,30.0,0,1,0,0,1,0.001122334455667789,0.7710437710437711,0,0,1,1
1,25.0,1,0,55.4417,27.0,0,0,0,0,1,0.001122334455667789,0.001122334455667789,1,0,0,1
3,39.0,0,0,24.15,17.0,0,1,0,0,1,0.002244668911335578,0.7710437710437711,0,0,1,0
3,47.0,1,0,14.5,46.0,0,1,0,1,0,0.001122334455667789,0.7710437710437711,0,0,1,0
1,60.0,0,0,26.55,15.0,0,1,0,0,1,0.001122334455667789,0.7710437710437711,0,0,1,0
2,24.0,0,0,13.0,22.0,0,1,0,0,1,0.001122334455667789,0.7710437710437711,0,0,1,0
1,28.0,0,0,50.0,21.0,1,0,0,0,1,0.001122334455667789,0.001122334455667789,0,0,1,0
2,27.0,1,0,21.0,55.10000000000002,0,1,0,1,0,0.002244668911335578,0.7710437710437711,0,0,1,0
2,28.0,0,0,13.8625,26.0,1,1,0,0,1,0.001122334455667789,0.7710437710437711,1,0,0,1
3,38.0,0,0,7.8958,15.0,0,1,0,0,1,0.001122334455667789,0.7710437710437711,0,0,1,0
3,44.0,0,0,8.05,25.0,0,1,0,0,1,0.001122334455667789,0.7710437710437711,0,0,1,0
2,21.0,0,0,10.5,17.0,0,1,0,1,0,0.001122334455667789,0.7710437710437711,0,0,1,1
3,24.0,0,2,16.7,51.0,0,0,0,1,0,0.002244668911335578,0.004489337822671156,0,0,1,1
2,45.0,0,0,13.5,29.0,0,1,0,1,0,0.001122334455667789,0.7710437710437711,0,0,1,1
2,8.0,1,1,36.75,30.0,0,1,0,0,1,0.002244668911335578,0.7710437710437711,0,0,1,1
3,8.0,3,1,21.075,29.0,0,1,0,1,0,0.004489337822671156,0.7710437710437711,0,0,1,0
1,28.0,0,0,35.0,38.0,1,0,0,0,1,0.001122334455667789,0.001122334455667789,0,0,1,0
3,32.0,0,0,8.05,34.0,0,0,0,0,1,0.001122334455667789,0.001122334455667789,0,0,1,1
1,50.0,1,0,55.9,25.0,0,0,0,0,1,0.002244668911335578,0.002244668911335578,0,0,1,0
3,21.0,0,0,7.8,28.0,0,1,0,0,1,0.001122334455667789,0.7710437710437711,0,0,1,0
2,50.0,0,0,10.5,20.0,0,1,0,1,0,0.001122334455667789,0.7710437710437711,0,0,1,1
3,23.0,0,0,7.925,28.0,0,1,0,1,0,0.001122334455667789,0.7710437710437711,0,0,1,0
3,32.0,0,0,7.8542,17.0,0,1,0,0,1,0.001122334455667789,0.7710437710437711,0,0,1,1
3,28.0,0,0,7.75,18.0,1,1,0,1,0,0.001122334455667789,0.7710437710437711,0,1,0,0
3,21.0,2,2,34.375,36.0,0,1,0,1,0,0.004489337822671156,0.7710437710437711,0,0,1,0
3,28.0,0,0,7.75,16.0,1,1,0,0,1,0.001122334455667789,0.7710437710437711,0,1,0,0
3,25.0,0,0,7.225,16.0,0,1,0,0,1,0.001122334455667789,0.7710437710437711,1,0,0,0
3,15.0,1,1,7.2292,18.0,0,1,0,0,1,0.001122334455667789,0.7710437710437711,1,0,0,0
3,31.0,1,0,18.0,55.0,0,1,0,1,0,0.001122334455667789,0.7710437710437711,0,0,1,0
2,25.0,0,0,13.0,27.0,0,1,0,0,1,0.001122334455667789,0.7710437710437711,0,0,1,0
2,54.0,0,0,26.0,26.0,0,1,0,0,1,0.002244668911335578,0.7710437710437711,0,0,1,0
1,28.0,0,0,47.1,23.0,0,1,0,0,1,0.001122334455667789,0.7710437710437711,0,0,1,0
1,38.0,0,0,80.0,19.0,0,0,1,1,0,0.002244668911335578,0.002244668911335578,0,0,1,1
2,41.0,0,1,19.5,41.0,0,1,0,1,0,0.002244668911335578,0.7710437710437711,0,0,1,1
3,33.0,0,0,8.6625,19.0,0,1,0,0,1,0.001122334455667789,0.7710437710437711,1,0,0,0
2,52.0,0,0,13.5,26.0,0,1,0,0,1,0.001122334455667789,0.7710437710437711,0,0,1,0
3,16.0,1,1,20.25,27.0,0,1,0,0,1,0.002244668911335578,0.7710437710437711,0,0,1,0
3,20.0,0,0,8.05,30.0,0,1,0,0,1,0.001122334455667789,0.7710437710437711,0,0,1,0
3,9.0,4,2,31.3875,37.0,0,1,0,0,1,0.004489337822671156,0.7710437710437711,0,0,1,0
3,28.0,0,0,8.1125,33.0,1,1,0,0,1,0.001122334455667789,0.7710437710437711,0,0,1,1
3,28.0,0,0,7.8292,20.0,1,1,0,0,1,0.001122334455667789,0.7710437710437711,0,1,0,0
3,28.0,0,0,7.8958,20.0,1,1,0,0,1,0.001122334455667789,0.7710437710437711,0,0,1,0
1,54.0,1,0,59.4,46.0,0,1,0,1,0,0.001122334455667789,0.7710437710437711,1,0,0,1
3,26.0,0,0,7.8958,25.0,0,1,0,0,1,0.001122334455667789,0.7710437710437711,0,0,1,0
1,60.0,1,1,79.2,32.0,0,0,0,0,1,0.001122334455667789,0.001122334455667789,1,0,0,1
3,28.0,0,0,56.4958,15.0,1,1,0,0,1,0.007856341189674524,0.7710437710437711,0,0,1,1
1,44.0,0,1,57.9792,47.0,0,0,0,1,0,0.002244668911335578,0.002244668911335578,1,0,0,1
3,20.0,1,0,7.925,27.0,0,1,0,0,1,0.001122334455667789,0.7710437710437711,0,0,1,1
3,28.0,3,1,25.4667,29.0,1,1,0,0,1,0.004489337822671156,0.7710437710437711,0,0,1,0
2,16.0,0,0,10.5,24.0,0,1,0,0,1,0.002244668911335578,0.7710437710437711,0,0,1,0
3,43.0,1,4,46.9,39.0,0,1,0,1,0,0.006734006734006734,0.7710437710437711,0,0,1,0
3,17.0,0,0,8.6625,15.0,0,1,0,0,1,0.001122334455667789,0.7710437710437711,0,0,1,0
1,37.0,1,1,52.5542,29.0,0,0,0,0,1,0.002244668911335578,0.002244668911335578,0,0,1,1
2,62.0,0,0,10.5,18.0,0,1,0,0,1,0.001122334455667789,0.7710437710437711,0,0,1,1
3,8.0,4,1,29.125,25.0,0,1,0,0,1,0.005611672278338945,0.7710437710437711,0,1,0,0
3,32.0,0,0,56.4958,15.0,0,1,0,0,1,0.007856341189674524,0.7710437710437711,0,0,1,1
3,20.0,1,0,9.825,23.0,0,1,0,1,0,0.001122334455667789,0.7710437710437711,0,0,1,0
2,28.0,0,0,13.0,17.0,0,1,0,1,0,0.001122334455667789,0.7710437710437711,0,0,1,1
3,21.0,0,0,7.75,19.0,0,1,0,1,0,0.001122334455667789,0.7710437710437711,0,1,0,0
3,37.0,2,0,7.925,30.0,0,1,0,0,1,0.001122334455667789,0.7710437710437711,0,0,1,0
3,17.0,0,0,14.4583,21.0,0,1,0,1,0,0.002244668911335578,0.7710437710437711,1,0,0,0
3,28.0,0,0,7.75,19.0,1,1,0,1,0,0.001122334455667789,0.7710437710437711,0,1,0,1
1,46.0,1,0,61.175,27.0,0,0,0,0,1,0.001122334455667789,0.001122334455667789,0,0,1,0
3,28.0,0,0,15.1,31.0,1,1,0,0,1,0.001122334455667789,0.7710437710437711,0,0,1,0
3,24.0,0,0,8.05,22.0,0,1,0,0,1,0.001122334455667789,0.7710437710437711,0,0,1,0
1,29.0,1,0,66.6,25.0,0,0,0,0,1,0.002244668911335578,0.002244668911335578,0,0,1,0
1,56.0,0,1,83.1583,45.0,0,0,0,1,0,0.002244668911335578,0.001122334455667789,1,0,0,1
2,31.0,1,1,37.0042,18.0,0,1,0,0,1,0.002244668911335578,0.7710437710437711,1,0,0,0
3,28.0,0,0,7.75,28.0,1,1,0,0,1,0.001122334455667789,0.7710437710437711,0,1,0,1
2,32.0,1,0,26.0,17.0,0,1,0,0,1,0.002244668911335578,0.7710437710437711,0,0,1,1
3,33.0,1,1,20.525,25.0,0,1,0,0,1,0.003367003367003367,0.7710437710437711,0,0,1,0
3,59.0,0,0,7.25,17.0,0,1,0,0,1,0.001122334455667789,0.7710437710437711,0,0,1,0
1,58.0,0,0,26.55,24.0,0,0,0,1,0,0.001122334455667789,0.001122334455667789,0,0,1,1
3,28.0,1,0,16.1,49.0,1,1,0,1,0,0.002244668911335578,0.7710437710437711,0,0,1,1
2,3.0,1,2,41.5792,40.0,0,1,0,1,0,0.003367003367003367,0.7710437710437711,1,0,0,1
3,28.0,0,0,7.8958,19.0,1,1,0,0,1,0.001122334455667789,0.7710437710437711,1,0,0,0
1,16.0,0,1,57.9792,28.0,0,0,0,1,0,0.002244668911335578,0.002244668911335578,1,0,0,1
3,45.0,1,4,27.9,47.0,0,1,0,1,0,0.006734006734006734,0.7710437710437711,0,0,1,0
1,43.0,0,1,211.3375,53.0,0,0,0,1,0,0.003367003367003367,0.001122334455667789,0,0,1,1
1,30.0,0,0,106.425,19.0,0,1,0,1,0,0.002244668911335578,0.7710437710437711,1,0,0,1
3,28.5,0,0,16.1,20.0,0,1,0,0,1,0.002244668911335578,0.7710437710437711,0,0,1,0
3,24.0,0,0,7.7958,18.0,0,1,0,0,1,0.001122334455667789,0.7710437710437711,0,0,1,0
2,30.0,0,0,13.0,18.0,0,1,0,0,1,0.001122334455667789,0.7710437710437711,0,0,1,0
1,36.0,0,0,40.125,19.0,0,0,0,0,1,0.001122334455667789,0.001122334455667789,1,0,0,0
3,25.0,0,0,7.05,16.0,0,1,0,0,1,0.001122334455667789,0.7710437710437711,0,0,1,0
3,28.0,0,2,7.75,18.0,1,1,0,1,0,0.001122334455667789,0.7710437710437711,0,1,0,0
1,50.0,0,0,28.7125,26.0,0,0,0,1,0,0.001122334455667789,0.001122334455667789,1,0,0,0
3,1.0,2,1,19.2583,22.0,0,1,0,1,0,0.004489337822671156,0.7710437710437711,1,0,0,1
1,24.0,0,0,49.5042,48.0,0,0,0,1,0,0.001122334455667789,0.001122334455667789,1,0,0,1
2,24.0,1,2,65.0,19.0,0,1,0,1,0,0.002244668911335578,0.7710437710437711,0,0,1,1
1,35.0,1,0,52.0,51.0,0,1,0,1,0,0.002244668911335578,0.7710437710437711,0,0,1,1
1,30.0,0,0,86.5,20.0,0,0,0,1,0,0.003367003367003367,0.002244668911335578,0,0,1,1
2,23.0,0,0,13.0,28.0,0,1,0,0,1,0.001122334455667789,0.7710437710437711,0,0,1,0
3,28.0,0,0,7.8958,18.0,1,1,0,0,1,0.001122334455667789,0.7710437710437711,0,0,1,0
2,27.0,0,0,26.0,27.0,0,1,0,0,1,0.001122334455667789,0.7710437710437711,0,0,1,0
2,55.0,0,0,16.0,32.0,0,1,0,1,0,0.001122334455667789,0.7710437710437711,0,0,1,1
1,35.0,1,0,53.1,44.0,0,0,0,1,0,0.002244668911335578,0.002244668911335578,0,0,1,1
3,28.0,0,0,6.8583,15.0,1,1,0,0,1,0.001122334455667789,0.7710437710437711,0,1,0,0
1,28.0,0,0,79.2,30.0,1,1,0,1,0,0.001122334455667789,0.7710437710437711,1,0,0,1
3,28.0,1,0,19.9667,31.0,1,1,0,0,1,0.001122334455667789,0.7710437710437711,0,0,1,0
2,23.0,0,0,13.7917,44.0,0,0,0,1,0,0.001122334455667789,0.003367003367003367,1,0,0,1
3,28.0,0,0,7.7333,32.0,1,1,0,1,0,0.001122334455667789,0.7710437710437711,0,1,0,1
1,23.0,1,0,113.275,22.0,0,0,0,1,0,0.003367003367003367,0.002244668911335578,1,0,0,1
3,51.0,0,0,8.05,23.0,0,1,0,0,1,0.001122334455667789,0.7710437710437711,0,0,1,0
2,33.0,0,2,26.0,45.0,0,1,0,1,0,0.002244668911335578,0.7710437710437711,0,0,1,1
3,29.0,0,4,21.075,43.0,0,1,0,1,0,0.004489337822671156,0.7710437710437711,0,0,1,0
3,28.0,0,0,7.8958,22.0,1,1,0,0,1,0.001122334455667789,0.7710437710437711,1,0,0,0
3,28.0,5,2,69.55,24.0,1,1,0,0,1,0.007856341189674524,0.7710437710437711,0,0,1,0
2,2.0,1,1,26.0,24.0,0,1,0,1,0,0.002244668911335578,0.7710437710437711,0,0,1,1
2,14.0,1,0,30.0708,35.0,0,1,0,1,0,0.002244668911335578,0.7710437710437711,1,0,0,1
2,54.0,1,0,26.0,29.0,0,1,0,0,1,0.002244668911335578,0.7710437710437711,0,0,1,0
3,15.0,0,0,8.0292,27.0,0,1,0,1,0,0.001122334455667789,0.7710437710437711,0,1,0,1
1,22.0,0,1,55.0,27.0,0,0,0,1,0,0.002244668911335578,0.002244668911335578,0,0,1,1
2,27.0,0,0,13.0,20.0,0,1,0,0,1,0.001122334455667789,0.7710437710437711,0,0,1,0
3,28.0,0,0,7.8958,20.0,1,1,0,0,1,0.001122334455667789,0.7710437710437711,0,0,1,0
1,28.0,0,0,39.6,25.0,1,1,0,0,1,0.001122334455667789,0.7710437710437711,1,0,0,0
2,28.0,1,0,24.0,37.0,0,1,0,1,0,0.002244668911335578,0.7710437710437711,1,0,0,1
3,39.0,0,0,7.925,25.0,0,1,0,0,1,0.001122334455667789,0.7710437710437711,0,0,1,0
2,2.0,1,1,26.0,30.0,0,0,0,0,1,0.003367003367003367,0.003367003367003367,0,0,1,1
3,24.0,1,0,16.1,17.0,0,1,0,0,1,0.001122334455667789,0.7710437710437711,0,0,1,0
3,32.0,0,0,7.8958,19.0,0,1,0,0,1,0.001122334455667789,0.7710437710437711,0,0,1,0
3,45.5,0,0,7.225,20.0,0,1,0,0,1,0.001122334455667789,0.7710437710437711,1,0,0,0
2,8.0,0,2,26.25,32.0,0,1,0,1,0,0.003367003367003367,0.7710437710437711,0,0,1,1
3,26.0,1,2,20.575,23.0,0,1,0,0,1,0.002244668911335578,0.7710437710437711,0,0,1,0
1,29.0,0,0,211.3375,29.0,0,0,0,1,0,0.003367003367003367,0.002244668911335578,0,0,1,1
2,45.0,1,1,26.25,43.0,0,1,0,1,0,0.003367003367003367,0.7710437710437711,0,0,1,1
3,36.0,1,0,17.4,44.0,0,1,0,1,0,0.001122334455667789,0.7710437710437711,0,0,1,1
1,28.0,0,0,26.0,26.0,1,0,0,0,1,0.001122334455667789,0.001122334455667789,0,0,1,0
3,4.0,0,2,22.025,35.0,0,1,0,1,0,0.001122334455667789,0.7710437710437711,0,0,1,1
2,16.0,0,0,26.0,19.0,0,1,0,0,1,0.002244668911335578,0.7710437710437711,0,0,1,0
1,58.0,0,0,29.7,23.0,0,0,0,0,1,0.001122334455667789,0.001122334455667789,1,0,0,0
3,40.5,0,2,14.5,31.0,0,1,0,0,1,0.001122334455667789,0.7710437710437711,0,0,1,0
3,25.0,0,0,7.65,23.0,0,0,0,0,1,0.001122334455667789,0.002244668911335578,0,0,1,0
3,28.0,0,0,7.8958,21.0,1,1,0,0,1,0.001122334455667789,0.7710437710437711,0,0,1,0
3,51.0,0,0,7.0542,27.0,0,1,0,0,1,0.001122334455667789,0.7710437710437711,0,0,1,0
2,28.0,0,0,0.0,27.0,1,1,0,0,1,0.003367003367003367,0.7710437710437711,0,0,1,0
3,17.0,4,2,7.925,31.0,0,1,0,1,0,0.001122334455667789,0.7710437710437711,0,0,1,1
3,28.0,0,0,6.95,15.0,1,1,0,0,1,0.001122334455667789,0.7710437710437711,0,1,0,0
3,40.0,1,1,15.5,16.0,0,1,0,0,1,0.002244668911335578,0.7710437710437711,0,1,0,0
3,25.0,0,0,0.0,28.0,0,1,0,0,1,0.004489337822671156,0.7710437710437711,0,0,1,1
1,47.0,0,0,25.5875,26.0,0,0,0,0,1,0.001122334455667789,0.001122334455667789,0,0,1,0
1,28.0,0,0,26.55,18.0,1,0,0,0,1,0.001122334455667789,0.002244668911335578,0,0,1,0
2,44.0,1,0,26.0,17.0,0,1,0,0,1,0.001122334455667789,0.7710437710437711,0,0,1,0
1,23.0,3,2,249.00622000000035,26.0,0,0,0,1,0,0.004489337822671156,0.004489337822671156,0,0,1,1
2,18.0,0,0,11.5,24.0,0,1,0,0,1,0.001122334455667789,0.7710437710437711,0,0,1,0
2,29.0,1,0,21.0,31.0,0,1,0,0,1,0.002244668911335578,0.7710437710437711,0,0,1,0
3,12.0,1,0,11.2417,28.0,0,1,0,0,1,0.002244668911335578,0.7710437710437711,1,0,0,1
3,11.0,0,0,18.7875,24.0,0,1,0,0,1,0.002244668911335578,0.7710437710437711,1,0,0,0
3,22.0,0,0,7.75,20.0,0,1,0,1,0,0.001122334455667789,0.7710437710437711,0,1,0,1
2,19.0,0,0,10.5,31.0,0,1,0,0,1,0.001122334455667789,0.7710437710437711,0,0,1,0
3,22.0,1,0,7.25,23.0,0,1,0,0,1,0.001122334455667789,0.7710437710437711,0,0,1,0
3,33.0,0,0,7.8958,18.0,0,1,0,0,1,0.001122334455667789,0.7710437710437711,0,0,1,0
1,56.0,0,0,26.55,26.0,0,1,0,0,1,0.001122334455667789,0.7710437710437711,0,0,1,0
2,1.0,0,2,37.0042,21.0,0,1,0,0,1,0.002244668911335578,0.7710437710437711,1,0,0,1
3,22.0,0,0,7.7958,19.0,0,1,0,0,1,0.001122334455667789,0.7710437710437711,0,0,1,0
3,28.0,0,0,7.2292,17.0,1,1,0,0,1,0.001122334455667789,0.7710437710437711,1,0,0,0
3,28.0,0,0,7.75,19.0,1,1,0,0,1,0.001122334455667789,0.7710437710437711,0,1,0,0
3,7.0,4,1,29.125,18.0,0,1,0,0,1,0.005611672278338945,0.7710437710437711,0,1,0,0
3,4.0,0,1,13.4167,18.0,0,1,0,1,0,0.001122334455667789,0.7710437710437711,1,0,0,1
3,65.87,0,0,7.75,20.0,0,1,0,0,1,0.001122334455667789,0.7710437710437711,0,1,0,0
2,18.0,0,0,13.0,25.0,0,1,0,0,1,0.001122334455667789,0.7710437710437711,0,0,1,0
3,20.0,1,1,15.7417,16.0,0,1,0,0,1,0.002244668911335578,0.7710437710437711,1,0,0,1
2,24.0,2,0,73.5,25.0,0,1,0,0,1,0.005611672278338945,0.7710437710437711,0,0,1,0
3,28.0,0,0,7.225,17.0,1,1,0,0,1,0.001122334455667789,0.7710437710437711,1,0,0,0
2,34.0,0,0,10.5,28.0,0,0,0,1,0,0.001122334455667789,0.003367003367003367,0,0,1,1
3,28.0,0,0,7.75,26.0,1,1,0,1,0,0.001122334455667789,0.7710437710437711,0,1,0,1
1,31.0,0,2,164.8667,24.0,0,0,0,1,0,0.002244668911335578,0.001122334455667789,0,0,1,1
3,30.0,0,0,7.8958,17.0,0,1,0,0,1,0.001122334455667789,0.7710437710437711,0,0,1,0
2,18.0,0,0,11.5,26.0,0,1,0,0,1,0.001122334455667789,0.7710437710437711,0,0,1,0
3,9.0,3,2,27.9,18.0,0,1,0,1,0,0.006734006734006734,0.7710437710437711,0,0,1,0
1,39.0,1,1,79.65,38.0,0,0,0,1,0,0.003367003367003367,0.002244668911335578,0,0,1,1
1,33.0,1,0,53.1,46.0,0,0,0,1,0,0.002244668911335578,0.002244668911335578,0,0,1,1
1,65.87,1,1,71.0,28.0,0,0,0,0,1,0.002244668911335578,0.002244668911335578,0,0,1,0
1,24.0,0,0,69.3,29.0,0,0,0,1,0,0.002244668911335578,0.002244668911335578,1,0,0,1
1,58.0,0,1,153.4625,45.0,0,0,0,1,0,0.003367003367003367,0.002244668911335578,0,0,1,1
3,21.0,0,0,7.8542,27.0,0,1,0,0,1,0.001122334455667789,0.7710437710437711,0,0,1,0
1,17.0,1,0,108.9,55.10000000000002,0,0,0,1,0,0.002244668911335578,0.002244668911335578,1,0,0,1
3,28.0,1,1,14.4,54.0,0,1,0,1,0,0.002244668911335578,0.7710437710437711,0,0,1,0
1,24.0,0,0,83.1583,30.0,0,0,0,1,0,0.002244668911335578,0.001122334455667789,1,0,0,1
3,28.0,0,0,7.225,17.0,1,1,0,0,1,0.001122334455667789,0.7710437710437711,1,0,0,0
3,28.0,1,0,15.5,17.0,1,1,0,0,1,0.001122334455667789,0.7710437710437711,0,1,0,0
3,42.0,0,0,8.6625,16.0,0,1,0,0,1,0.001122334455667789,0.7710437710437711,0,0,1,0
3,18.0,1,0,6.4958,25.0,0,1,0,0,1,0.001122334455667789,0.7710437710437711,0,0,1,0
3,2.0,0,1,12.2875,24.0,0,1,0,1,0,0.001122334455667789,0.7710437710437711,0,0,1,1
2,34.0,0,0,13.0,20.0,0,1,0,1,0,0.001122334455667789,0.7710437710437711,0,0,1,1
3,3.0,4,2,31.3875,33.0,0,1,0,0,1,0.004489337822671156,0.7710437710437711,0,0,1,1
1,58.0,0,0,146.5208,20.0,0,0,0,1,0,0.002244668911335578,0.001122334455667789,1,0,0,1
3,32.0,0,0,7.75,19.0,0,1,0,0,1,0.001122334455667789,0.7710437710437711,0,1,0,0
3,31.0,0,0,7.925,18.0,0,1,0,0,1,0.001122334455667789,0.7710437710437711,0,0,1,1
3,28.0,0,0,7.775,22.0,1,1,0,0,1,0.001122334455667789,0.7710437710437711,0,0,1,1
2,27.0,1,0,13.8583,28.0,0,1,0,1,0,0.001122334455667789,0.7710437710437711,1,0,0,1
3,11.0,5,2,46.9,34.0,0,1,0,0,1,0.006734006734006734,0.7710437710437711,0,0,1,0
2,23.0,0,0,13.0,28.0,0,1,0,0,1,0.001122334455667789,0.7710437710437711,0,0,1,0
1,40.0,0,0,0.0,21.0,0,0,0,0,1,0.001122334455667789,0.001122334455667789,0,0,1,0
3,28.0,0,0,7.2292,19.0,1,1,0,0,1,0.001122334455667789,0.7710437710437711,1,0,0,0
3,28.0,0,0,7.8958,23.0,0,1,0,1,0,0.001122334455667789,0.7710437710437711,0,0,1,0
2,28.0,0,0,13.0,25.0,0,1,0,1,0,0.001122334455667789,0.7710437710437711,0,0,1,1
3,28.0,1,0,19.9667,36.0,1,1,0,0,1,0.001122334455667789,0.7710437710437711,0,0,1,0
3,19.0,0,0,10.1708,17.0,0,1,0,0,1,0.001122334455667789,0.7710437710437711,0,0,1,0
3,30.0,1,1,24.15,52.0,0,1,0,1,0,0.003367003367003367,0.7710437710437711,0,0,1,0
3,20.0,0,0,7.8542,22.0,0,1,0,0,1,0.001122334455667789,0.7710437710437711,0,0,1,0
3,28.0,0,0,56.4958,15.0,0,1,0,0,1,0.007856341189674524,0.7710437710437711,0,0,1,0
3,36.0,0,0,0.0,19.0,0,1,0,0,1,0.004489337822671156,0.7710437710437711,0,0,1,0
3,28.0,0,0,8.05,33.0,1,1,0,0,1,0.001122334455667789,0.7710437710437711,0,0,1,0
1,24.0,3,2,249.00622000000035,30.0,0,0,0,1,0,0.004489337822671156,0.004489337822671156,0,0,1,1
3,28.5,0,0,7.2292,19.0,0,1,0,0,1,0.001122334455667789,0.7710437710437711,1,0,0,0
3,24.0,0,3,19.2583,37.0,0,1,0,1,0,0.004489337822671156,0.7710437710437711,1,0,0,1
2,42.0,0,0,13.0,33.0,0,1,0,0,1,0.001122334455667789,0.7710437710437711,0,0,1,0
1,54.0,0,1,77.2875,27.0,0,0,0,0,1,0.002244668911335578,0.002244668911335578,0,0,1,0
3,25.0,0,0,7.7417,21.0,0,1,0,0,1,0.001122334455667789,0.7710437710437711,0,1,0,0
3,7.0,4,1,39.6875,26.0,0,1,0,0,1,0.006734006734006734,0.7710437710437711,0,0,1,0
3,25.0,1,0,17.8,25.0,0,1,0,0,1,0.002244668911335578,0.7710437710437711,0,0,1,0
3,27.0,0,1,12.475,18.0,0,0,0,1,0,0.002244668911335578,0.002244668911335578,0,0,1,1
3,24.0,1,0,15.85,52.0,0,1,0,1,0,0.002244668911335578,0.7710437710437711,0,0,1,1
3,28.0,0,0,7.25,17.0,1,1,0,0,1,0.001122334455667789,0.7710437710437711,0,0,1,0
2,28.0,0,0,12.65,32.0,0,1,0,1,0,0.001122334455667789,0.7710437710437711,0,0,1,1
3,19.0,0,0,14.5,20.0,0,1,0,0,1,0.002244668911335578,0.7710437710437711,0,0,1,0
3,22.0,0,0,7.25,18.0,0,1,0,0,1,0.001122334455667789,0.7710437710437711,0,0,1,0
3,28.0,0,0,7.225,23.0,1,1,0,1,0,0.001122334455667789,0.7710437710437711,1,0,0,1
3,28.0,5,2,69.55,23.0,1,1,0,1,0,0.007856341189674524,0.7710437710437711,0,0,1,0
1,42.0,0,0,26.2875,33.0,0,0,0,0,1,0.001122334455667789,0.002244668911335578,0,0,1,1
2,50.0,0,0,13.0,23.0,0,1,0,0,1,0.001122334455667789,0.7710437710437711,0,0,1,0
2,3.0,1,1,18.75,30.0,0,1,0,0,1,0.003367003367003367,0.7710437710437711,0,0,1,1
1,28.0,0,0,227.525,19.0,1,1,0,0,1,0.004489337822671156,0.7710437710437711,1,0,0,0
3,18.0,2,0,18.0,34.0,0,1,0,1,0,0.002244668911335578,0.7710437710437711,0,0,1,0
3,18.0,1,1,7.8542,22.0,0,1,0,0,1,0.001122334455667789,0.7710437710437711,0,0,1,0
1,44.0,2,0,90.0,27.0,0,0,0,0,1,0.002244668911335578,0.002244668911335578,0,1,0,0
1,28.0,0,0,30.0,27.0,1,0,0,0,1,0.001122334455667789,0.001122334455667789,0,0,1,1
1,28.0,0,0,42.4,25.0,1,1,0,0,1,0.001122334455667789,0.7710437710437711,0,0,1,0
3,28.0,1,0,24.15,19.0,1,1,0,0,1,0.003367003367003367,0.7710437710437711,0,1,0,0
3,16.0,0,0,7.775,22.0,0,1,0,0,1,0.001122334455667789,0.7710437710437711,0,0,1,0
3,28.0,0,0,7.3125,21.0,1,1,0,0,1,0.001122334455667789,0.7710437710437711,0,0,1,0
3,22.0,0,0,7.8958,20.0,0,1,0,0,1,0.001122334455667789,0.7710437710437711,0,0,1,0
2,4.0,1,1,23.0,17.0,0,1,0,1,0,0.001122334455667789,0.7710437710437711,0,0,1,1
2,28.0,0,0,13.0,28.0,1,1,0,0,1,0.001122334455667789,0.7710437710437711,0,0,1,1
3,24.0,0,0,7.1417,25.0,0,1,0,0,1,0.001122334455667789,0.7710437710437711,0,0,1,1
2,30.0,0,0,12.35,25.0,0,1,0,1,0,0.001122334455667789,0.7710437710437711,0,1,0,1
3,29.0,0,2,15.2458,39.0,0,1,0,1,0,0.001122334455667789,0.7710437710437711,1,0,0,1
3,24.0,0,0,9.5,22.0,0,1,0,0,1,0.001122334455667789,0.7710437710437711,0,0,1,0
1,45.0,1,1,164.8667,42.0,0,1,0,1,0,0.002244668911335578,0.7710437710437711,0,0,1,1
2,32.0,0,0,13.0,19.0,0,1,0,1,0,0.001122334455667789,0.7710437710437711,0,0,1,1
3,21.0,0,0,7.925,21.0,0,1,0,0,1,0.001122334455667789,0.7710437710437711,0,0,1,0
1,35.0,0,0,249.00622000000035,22.0,0,0,0,0,1,0.003367003367003367,0.001122334455667789,1,0,0,1
3,28.0,5,2,69.55,28.0,1,1,0,1,0,0.007856341189674524,0.7710437710437711,0,0,1,0
3,28.0,2,0,23.25,18.0,1,1,0,0,1,0.002244668911335578,0.7710437710437711,0,1,0,1
1,36.0,0,1,249.00622000000035,34.0,0,0,0,0,1,0.003367003367003367,0.002244668911335578,1,0,0,1
3,41.0,0,4,39.6875,38.0,0,1,0,1,0,0.006734006734006734,0.7710437710437711,0,0,1,0
3,23.0,0,0,7.55,31.0,0,1,0,1,0,0.001122334455667789,0.7710437710437711,0,0,1,1
3,34.0,1,1,14.4,25.0,0,1,0,0,1,0.002244668911335578,0.7710437710437711,0,0,1,0
2,28.0,0,0,33.0,26.0,1,1,0,1,0,0.003367003367003367,0.7710437710437711,0,0,1,1
3,28.0,0,0,24.15,17.0,1,1,0,0,1,0.003367003367003367,0.7710437710437711,0,1,0,0
3,15.0,0,0,7.225,32.0,0,1,0,1,0,0.001122334455667789,0.7710437710437711,1,0,0,1
3,28.0,0,0,8.05,24.0,1,1,0,0,1,0.001122334455667789,0.7710437710437711,0,0,1,0
3,18.0,0,0,7.775,31.0,0,1,0,1,0,0.001122334455667789,0.7710437710437711,0,0,1,0
3,30.0,0,0,8.05,15.0,0,1,0,0,1,0.001122334455667789,0.7710437710437711,0,0,1,0
2,32.0,2,0,73.5,18.0,0,1,0,0,1,0.005611672278338945,0.7710437710437711,0,0,1,0
3,4.0,4,1,29.125,20.0,0,1,0,0,1,0.005611672278338945,0.7710437710437711,0,1,0,0
3,2.0,4,1,29.125,20.0,0,1,0,0,1,0.005611672278338945,0.7710437710437711,0,1,0,0
3,28.0,0,0,8.05,17.0,1,1,0,0,1,0.001122334455667789,0.7710437710437711,0,0,1,0
3,28.0,2,0,21.6792,19.0,1,1,0,0,1,0.001122334455667789,0.7710437710437711,1,0,0,0
1,48.0,0,0,25.9292,51.0,0,0,0,1,0,0.001122334455667789,0.002244668911335578,0,0,1,1
3,31.0,0,0,7.75,23.0,0,1,0,0,1,0.001122334455667789,0.7710437710437711,0,1,0,0
1,47.0,0,0,34.0208,28.0,0,0,0,0,1,0.001122334455667789,0.001122334455667789,0,0,1,0
3,26.0,1,0,16.1,47.0,0,1,0,1,0,0.002244668911335578,0.7710437710437711,0,0,1,0
3,9.0,5,2,46.9,30.0,0,1,0,0,1,0.006734006734006734,0.7710437710437711,0,0,1,0
3,19.0,0,0,8.05,26.0,0,1,0,0,1,0.001122334455667789,0.7710437710437711,0,0,1,1
3,28.0,0,0,8.05,19.0,1,1,0,0,1,0.001122334455667789,0.7710437710437711,0,0,1,0
3,22.0,0,0,9.35,28.0,0,1,0,0,1,0.001122334455667789,0.7710437710437711,0,0,1,0
3,28.0,0,0,7.225,23.0,1,1,0,0,1,0.001122334455667789,0.7710437710437711,1,0,0,0
2,28.0,0,1,33.0,17.0,0,1,0,0,1,0.003367003367003367,0.7710437710437711,0,0,1,0
2,24.0,2,3,18.75,37.0,0,1,0,1,0,0.003367003367003367,0.7710437710437711,0,0,1,1
3,17.0,0,0,8.6625,19.0,0,1,0,0,1,0.001122334455667789,0.7710437710437711,0,0,1,0
3,28.0,1,0,15.5,19.0,1,1,0,0,1,0.002244668911335578,0.7710437710437711,0,1,0,0
3,28.0,3,1,25.4667,23.0,1,1,0,1,0,0.004489337822671156,0.7710437710437711,0,0,1,0
3,21.0,0,0,8.05,24.0,0,1,0,0,1,0.001122334455667789,0.7710437710437711,0,0,1,0
1,51.0,0,0,26.55,22.0,0,0,0,0,1,0.001122334455667789,0.001122334455667789,0,0,1,1
3,3.0,3,1,21.075,26.0,0,1,0,1,0,0.004489337822671156,0.7710437710437711,0,0,1,0
3,1.0,2,1,19.2583,29.0,0,1,0,1,0,0.004489337822671156,0.7710437710437711,1,0,0,1
3,28.0,0,0,7.2292,16.0,1,1,0,0,1,0.001122334455667789,0.7710437710437711,1,0,0,0
3,34.0,0,0,8.05,28.0,0,1,0,0,1,0.001122334455667789,0.7710437710437711,0,0,1,0
2,18.0,0,1,23.0,19.0,0,1,0,1,0,0.002244668911335578,0.7710437710437711,0,0,1,1
1,44.0,0,0,27.7208,41.0,0,0,0,1,0,0.001122334455667789,0.001122334455667789,1,0,0,1
3,28.0,0,0,14.5,18.0,1,1,0,0,1,0.002244668911335578,0.7710437710437711,0,0,1,0
3,28.0,0,0,9.5,27.0,1,1,0,0,1,0.001122334455667789,0.7710437710437711,0,0,1,0
3,37.0,0,0,9.5875,30.0,0,1,0,1,0,0.001122334455667789,0.7710437710437711,0,0,1,0
2,21.0,1,0,11.5,27.0,0,1,0,0,1,0.001122334455667789,0.7710437710437711,0,0,1,0
1,36.0,1,0,78.85,29.0,0,0,0,0,1,0.002244668911335578,0.001122334455667789,0,0,1,0
3,32.0,0,0,7.925,19.0,0,1,0,0,1,0.001122334455667789,0.7710437710437711,0,0,1,1
3,28.0,1,2,23.45,40.0,1,1,0,1,0,0.002244668911335578,0.7710437710437711,0,0,1,0
3,26.0,0,0,7.775,26.0,0,1,0,0,1,0.001122334455667789,0.7710437710437711,0,0,1,0
1,65.87,0,0,30.0,36.0,0,0,0,0,1,0.001122334455667789,0.001122334455667789,0,0,1,1
3,55.5,0,0,8.05,16.0,0,1,0,0,1,0.001122334455667789,0.7710437710437711,0,0,1,0
2,60.0,1,1,39.0,33.0,0,1,0,0,1,0.002244668911335578,0.7710437710437711,0,0,1,0
3,28.0,0,0,7.7333,24.0,1,1,0,0,1,0.001122334455667789,0.7710437710437711,0,1,0,0
3,18.0,0,0,7.775,30.0,0,1,0,0,1,0.001122334455667789,0.7710437710437711,0,0,1,0
3,14.5,1,0,14.4542,20.0,0,1,0,1,0,0.002244668911335578,0.7710437710437711,1,0,0,0
2,19.0,0,0,10.5,25.0,0,1,0,0,1,0.001122334455667789,0.7710437710437711,0,0,1,1
2,4.0,2,1,39.0,27.0,0,0,0,1,0,0.002244668911335578,0.002244668911335578,0,0,1,1
3,33.0,0,0,8.6542,26.0,0,1,0,0,1,0.001122334455667789,0.7710437710437711,0,0,1,0
3,21.0,0,0,7.7333,19.0,0,1,0,0,1,0.001122334455667789,0.7710437710437711,0,1,0,0
3,10.0,0,2,24.15,25.0,0,1,0,1,0,0.003367003367003367,0.7710437710437711,0,0,1,0
2,47.0,0,0,15.0,23.0,0,1,0,0,1,0.001122334455667789,0.7710437710437711,0,0,1,0
3,2.0,4,2,31.275,33.0,0,1,0,1,0,0.007856341189674524,0.7710437710437711,0,0,1,0
2,29.0,1,0,26.0,50.0,0,1,0,1,0,0.001122334455667789,0.7710437710437711,0,0,1,1
1,22.0,1,0,66.6,33.0,0,0,0,1,0,0.002244668911335578,0.002244668911335578,0,0,1,1
3,28.0,1,0,15.85,30.0,0,1,0,0,1,0.002244668911335578,0.7710437710437711,0,0,1,0
1,28.0,0,0,29.7,20.0,1,0,0,0,1,0.001122334455667789,0.001122334455667789,1,0,0,1
3,26.0,0,0,18.7875,27.0,0,1,0,0,1,0.002244668911335578,0.7710437710437711,1,0,0,1
3,33.0,0,0,9.5,32.0,0,1,0,0,1,0.001122334455667789,0.7710437710437711,0,0,1,0
2,27.0,0,0,10.5,35.0,0,0,0,1,0,0.001122334455667789,0.003367003367003367,0,0,1,1
3,27.0,0,2,11.1333,49.0,0,1,0,1,0,0.003367003367003367,0.7710437710437711,0,0,1,1
2,34.0,0,0,13.0,28.0,0,1,0,0,1,0.001122334455667789,0.7710437710437711,0,0,1,0
3,28.0,0,0,7.2292,16.0,1,1,0,0,1,0.001122334455667789,0.7710437710437711,1,0,0,1
1,30.0,0,0,27.75,31.0,0,0,0,0,1,0.001122334455667789,0.001122334455667789,1,0,0,0
3,30.0,1,0,16.1,24.0,0,1,0,0,1,0.002244668911335578,0.7710437710437711,0,0,1,0
2,28.0,0,0,12.35,19.0,1,0,0,1,0,0.001122334455667789,0.003367003367003367,0,1,0,1
3,28.0,0,0,7.775,26.0,1,1,0,0,1,0.001122334455667789,0.7710437710437711,0,0,1,0
1,53.0,2,0,51.4792,45.0,0,0,0,1,0,0.001122334455667789,0.001122334455667789,0,0,1,1
3,32.0,0,0,7.925,26.0,0,1,0,0,1,0.001122334455667789,0.7710437710437711,0,0,1,0
2,52.0,0,0,13.0,21.0,0,1,0,0,1,0.002244668911335578,0.7710437710437711,0,0,1,0
1,52.0,1,1,79.65,17.0,0,0,0,0,1,0.003367003367003367,0.002244668911335578,0,0,1,0
3,39.0,1,4,31.275,55.10000000000002,0,1,0,1,0,0.007856341189674524,0.7710437710437711,0,0,1,0
1,2.0,1,2,151.55,28.0,0,0,0,1,0,0.004489337822671156,0.003367003367003367,0,0,1,0
3,44.0,0,0,7.925,25.0,0,1,0,0,1,0.001122334455667789,0.7710437710437711,0,0,1,1
2,51.0,0,0,12.525,26.0,0,1,0,0,1,0.001122334455667789,0.7710437710437711,0,0,1,0
2,39.0,0,0,26.0,46.0,0,1,0,0,1,0.002244668911335578,0.7710437710437711,0,0,1,0
1,46.0,0,0,79.2,24.0,0,0,0,0,1,0.002244668911335578,0.001122334455667789,1,0,0,0
1,17.0,0,2,110.8833,27.0,0,0,0,0,1,0.004489337822671156,0.001122334455667789,1,0,0,1
3,30.0,0,0,8.05,29.0,0,1,0,0,1,0.001122334455667789,0.7710437710437711,0,0,1,0
3,9.0,2,2,34.375,32.0,0,1,0,1,0,0.004489337822671156,0.7710437710437711,0,0,1,0
3,27.0,0,0,7.7958,44.0,0,1,0,0,1,0.001122334455667789,0.7710437710437711,0,0,1,1
3,21.0,0,0,8.6625,16.0,0,1,0,0,1,0.001122334455667789,0.7710437710437711,0,0,1,0
3,28.0,0,0,56.4958,15.0,1,1,0,0,1,0.007856341189674524,0.7710437710437711,0,0,1,0
3,26.0,0,0,7.8958,17.0,0,1,0,0,1,0.001122334455667789,0.7710437710437711,0,0,1,0
3,3.0,1,1,15.9,38.0,0,1,0,0,1,0.002244668911335578,0.7710437710437711,0,0,1,1
2,48.0,0,0,13.0,28.0,0,1,0,0,1,0.001122334455667789,0.7710437710437711,0,0,1,0
1,36.0,0,0,135.6333,24.0,0,0,0,1,0,0.003367003367003367,0.001122334455667789,1,0,0,1
3,28.0,1,0,15.5,47.0,1,1,0,1,0,0.002244668911335578,0.7710437710437711,0,1,0,1
2,32.5,0,0,13.0,19.0,0,0,0,1,0,0.001122334455667789,0.003367003367003367,0,0,1,1
1,33.0,0,0,86.5,55.10000000000002,0,0,0,1,0,0.003367003367003367,0.002244668911335578,0,0,1,1
2,22.0,1,2,41.5792,53.0,0,1,0,1,0,0.003367003367003367,0.7710437710437711,1,0,0,1
3,19.0,0,0,6.75,19.0,0,1,0,0,1,0.001122334455667789,0.7710437710437711,0,1,0,0
3,65.87,0,0,7.775,19.0,0,1,0,0,1,0.001122334455667789,0.7710437710437711,0,0,1,0
3,42.0,0,1,8.4042,32.0,0,1,0,0,1,0.001122334455667789,0.7710437710437711,0,0,1,0
1,40.0,0,0,153.4625,25.0,0,0,0,1,0,0.003367003367003367,0.002244668911335578,0,0,1,1
3,35.0,1,1,20.25,32.0,0,1,0,1,0,0.002244668911335578,0.7710437710437711,0,0,1,1
3,24.0,0,0,8.85,19.0,0,1,0,1,0,0.001122334455667789,0.7710437710437711,0,0,1,0
3,39.0,0,0,7.925,18.0,0,1,0,0,1,0.001122334455667789,0.7710437710437711,0,0,1,1
2,32.5,1,0,30.0708,20.0,0,1,0,0,1,0.002244668911335578,0.7710437710437711,1,0,0,0
2,1.0,2,1,39.0,25.0,0,0,0,0,1,0.002244668911335578,0.002244668911335578,0,0,1,1
3,34.0,0,0,6.4958,26.0,0,1,0,0,1,0.001122334455667789,0.7710437710437711,0,0,1,0
1,64.0,1,4,249.00622000000035,17.0,0,0,0,0,1,0.004489337822671156,0.004489337822671156,0,0,1,0
3,25.0,0,0,7.775,37.0,0,1,0,1,0,0.001122334455667789,0.7710437710437711,0,0,1,0
3,28.0,0,0,8.05,39.0,1,1,0,1,0,0.001122334455667789,0.7710437710437711,0,0,1,0
3,1.0,1,2,20.575,26.0,0,1,0,0,1,0.002244668911335578,0.7710437710437711,0,0,1,1
3,45.0,0,0,6.975,18.0,0,1,0,0,1,0.001122334455667789,0.7710437710437711,0,0,1,0
2,31.0,1,1,26.25,19.0,0,1,0,0,1,0.003367003367003367,0.7710437710437711,0,0,1,0
3,21.0,1,0,9.825,24.0,0,1,0,1,0,0.001122334455667789,0.7710437710437711,0,0,1,0
3,25.0,0,0,7.8958,21.0,0,1,0,0,1,0.001122334455667789,0.7710437710437711,0,0,1,0
1,15.0,0,1,211.3375,33.0,0,0,0,1,0,0.003367003367003367,0.002244668911335578,0,0,1,1
3,26.0,0,0,7.8875,22.0,0,1,0,0,1,0.001122334455667789,0.7710437710437711,0,0,1,0
2,30.0,0,0,10.5,18.0,0,1,0,0,1,0.001122334455667789,0.7710437710437711,0,0,1,0
1,24.0,0,0,69.3,20.0,0,0,0,1,0,0.002244668911335578,0.002244668911335578,1,0,0,1
2,35.0,0,0,10.5,25.0,0,1,0,0,1,0.001122334455667789,0.7710437710437711,0,0,1,0
2,65.87,0,0,10.5,27.0,0,1,0,0,1,0.001122334455667789,0.7710437710437711,0,0,1,0
1,28.0,0,0,0.0,16.0,1,0,0,0,1,0.001122334455667789,0.001122334455667789,0,0,1,0
3,21.0,0,0,16.1,27.0,0,1,0,0,1,0.002244668911335578,0.7710437710437711,0,0,1,0
3,18.0,0,1,9.35,26.0,0,1,0,1,0,0.001122334455667789,0.7710437710437711,0,0,1,1
3,28.0,0,0,8.1375,19.0,1,1,0,1,0,0.001122334455667789,0.7710437710437711,0,1,0,0
3,1.0,5,2,46.9,31.0,0,1,0,0,1,0.006734006734006734,0.7710437710437711,0,0,1,0
3,28.0,5,2,69.55,33.0,1,1,0,1,0,0.007856341189674524,0.7710437710437711,0,0,1,0
3,26.0,0,0,56.4958,15.0,0,1,0,0,1,0.007856341189674524,0.7710437710437711,0,0,1,1
3,25.0,1,0,7.775,24.0,0,1,0,0,1,0.001122334455667789,0.7710437710437711,0,0,1,1
2,28.0,0,0,0.0,20.0,1,1,0,0,1,0.001122334455667789,0.7710437710437711,0,0,1,0
3,20.0,0,0,9.5,15.0,0,1,0,0,1,0.001122334455667789,0.7710437710437711,0,0,1,0
1,54.0,1,0,78.2667,30.0,0,0,0,1,0,0.002244668911335578,0.002244668911335578,1,0,0,1
3,22.0,0,0,8.05,22.0,0,1,0,0,1,0.001122334455667789,0.7710437710437711,0,0,1,0
2,59.0,0,0,13.5,25.0,0,1,0,0,1,0.001122334455667789,0.7710437710437711,0,0,1,0
2,54.0,1,3,23.0,37.0,0,1,0,1,0,0.001122334455667789,0.7710437710437711,0,0,1,1
1,27.0,0,0,30.5,27.0,0,1,0,0,1,0.001122334455667789,0.7710437710437711,0,0,1,1
1,31.0,1,0,52.0,22.0,0,0,0,0,1,0.001122334455667789,0.001122334455667789,0,0,1,0
1,22.0,0,0,135.6333,19.0,0,1,0,0,1,0.003367003367003367,0.7710437710437711,1,0,0,0
1,33.0,0,0,5.0,24.0,0,0,0,0,1,0.001122334455667789,0.002244668911335578,0,0,1,0
3,6.0,0,1,12.475,19.0,0,0,0,0,1,0.002244668911335578,0.002244668911335578,0,0,1,1
3,5.0,4,2,31.3875,30.0,0,1,0,1,0,0.004489337822671156,0.7710437710437711,0,0,1,1
1,39.0,0,0,0.0,22.0,0,0,0,0,1,0.001122334455667789,0.001122334455667789,0,0,1,0
3,24.5,0,0,8.05,29.0,0,1,0,0,1,0.001122334455667789,0.7710437710437711,0,0,1,0
2,54.0,0,0,14.0,20.0,0,1,0,0,1,0.001122334455667789,0.7710437710437711,0,0,1,0
3,28.0,0,0,7.55,18.0,1,1,0,0,1,0.001122334455667789,0.7710437710437711,0,0,1,0
3,28.0,0,0,7.8958,18.0,1,1,0,0,1,0.001122334455667789,0.7710437710437711,0,0,1,0
3,30.0,0,0,7.2292,28.0,0,1,0,0,1,0.001122334455667789,0.7710437710437711,1,0,0,0
3,28.0,0,0,7.8792,20.0,1,1,0,1,0,0.001122334455667789,0.7710437710437711,0,1,0,1
1,35.0,0,0,249.00622000000035,16.0,0,1,0,1,0,0.003367003367003367,0.7710437710437711,1,0,0,1
1,21.0,0,0,77.9583,29.0,0,0,0,1,0,0.003367003367003367,0.001122334455667789,0,0,1,1
1,32.0,0,0,30.5,25.0,0,0,0,0,1,0.001122334455667789,0.001122334455667789,1,0,0,1
3,16.0,0,0,9.5,25.0,0,1,0,0,1,0.001122334455667789,0.7710437710437711,0,0,1,0
3,22.0,0,0,7.25,31.0,0,1,0,1,0,0.001122334455667789,0.7710437710437711,0,0,1,1
3,28.0,0,0,7.8958,22.0,1,1,0,0,1,0.001122334455667789,0.7710437710437711,0,0,1,0
1,38.0,1,0,90.0,28.0,0,0,0,0,1,0.002244668911335578,0.002244668911335578,0,0,1,1
3,28.0,5,2,69.55,24.0,1,1,0,0,1,0.007856341189674524,0.7710437710437711,0,0,1,0
2,25.0,1,0,26.0,31.0,0,1,0,0,1,0.001122334455667789,0.7710437710437711,0,0,1,0
2,33.0,1,2,27.75,39.0,0,1,0,1,0,0.003367003367003367,0.7710437710437711,0,0,1,1
3,28.0,1,0,16.1,41.0,1,1,0,1,0,0.001122334455667789,0.7710437710437711,0,0,1,1
1,18.0,1,0,108.9,42.0,0,0,0,0,1,0.002244668911335578,0.002244668911335578,1,0,0,0
3,28.0,1,0,16.1,26.0,1,1,0,0,1,0.002244668911335578,0.7710437710437711,0,0,1,0
3,28.0,0,0,7.8958,18.0,1,1,0,0,1,0.001122334455667789,0.7710437710437711,0,0,1,0
3,2.0,4,1,39.6875,28.0,0,1,0,0,1,0.006734006734006734,0.7710437710437711,0,0,1,0
3,1.0,0,1,8.5167,31.0,0,1,0,0,1,0.001122334455667789,0.7710437710437711,1,0,0,1
2,26.0,0,0,10.5,19.0,0,1,0,0,1,0.001122334455667789,0.7710437710437711,0,0,1,0
3,41.0,0,0,7.125,30.0,0,1,0,0,1,0.001122334455667789,0.7710437710437711,0,0,1,0
1,48.0,1,0,76.7292,25.0,0,0,0,0,1,0.003367003367003367,0.002244668911335578,1,0,0,1
2,48.0,1,2,65.0,32.0,0,1,0,1,0,0.002244668911335578,0.7710437710437711,0,0,1,1
1,48.0,1,0,39.6,55.10000000000002,0,0,0,1,0,0.001122334455667789,0.001122334455667789,1,0,0,1
3,4.0,4,2,31.275,39.0,0,1,0,0,1,0.007856341189674524,0.7710437710437711,0,0,1,0
1,39.0,1,0,55.9,41.0,0,0,0,1,0,0.002244668911335578,0.002244668911335578,0,0,1,1
3,33.0,3,0,15.85,55.0,0,1,0,1,0,0.002244668911335578,0.7710437710437711,0,0,1,1
2,29.0,0,0,10.5,31.0,0,1,0,0,1,0.001122334455667789,0.7710437710437711,0,0,1,0
1,49.0,1,1,110.8833,24.0,0,0,0,0,1,0.004489337822671156,0.002244668911335578,1,0,0,0
3,28.0,5,2,69.55,26.0,1,1,0,0,1,0.007856341189674524,0.7710437710437711,0,0,1,0
3,28.0,0,0,7.2292,17.0,1,1,0,0,1,0.001122334455667789,0.7710437710437711,1,0,0,0
1,42.0,1,0,52.0,30.0,0,1,0,0,1,0.002244668911335578,0.7710437710437711,0,0,1,0
1,36.0,0,2,71.0,23.0,0,0,0,1,0,0.002244668911335578,0.002244668911335578,0,0,1,1
1,61.0,0,0,33.5,25.0,0,0,0,0,1,0.001122334455667789,0.001122334455667789,0,0,1,0
3,18.0,0,0,6.75,28.0,0,1,0,1,0,0.001122334455667789,0.7710437710437711,0,1,0,0
3,18.0,0,0,7.4958,25.0,0,1,0,1,0,0.001122334455667789,0.7710437710437711,0,0,1,1
2,1.0,1,1,14.5,25.0,0,1,0,0,1,0.002244668911335578,0.7710437710437711,0,0,1,1
3,32.0,0,0,56.4958,15.0,0,1,0,0,1,0.007856341189674524,0.7710437710437711,0,0,1,1
3,28.0,0,0,8.05,27.0,1,1,0,0,1,0.001122334455667789,0.7710437710437711,0,0,1,0
3,28.0,0,0,8.05,17.0,1,1,0,0,1,0.001122334455667789,0.7710437710437711,0,0,1,0
3,28.0,1,0,14.4542,21.0,1,1,0,1,0,0.002244668911335578,0.7710437710437711,1,0,0,0
3,16.0,0,0,8.05,28.0,0,1,0,0,1,0.001122334455667789,0.7710437710437711,0,0,1,0
1,31.0,1,0,57.0,23.0,0,0,0,0,1,0.002244668911335578,0.002244668911335578,0,0,1,1
1,48.0,0,0,26.55,19.0,0,0,0,0,1,0.001122334455667789,0.001122334455667789,0,0,1,1
3,22.0,0,0,7.225,33.0,0,1,0,0,1,0.001122334455667789,0.7710437710437711,1,0,0,1
3,13.0,0,0,7.2292,20.0,0,1,0,1,0,0.001122334455667789,0.7710437710437711,1,0,0,1
3,32.0,1,0,15.85,26.0,0,1,0,0,1,0.002244668911335578,0.7710437710437711,0,0,1,0
3,28.0,2,0,7.925,28.0,0,1,0,0,1,0.001122334455667789,0.7710437710437711,0,0,1,0
2,46.0,0,0,26.0,23.0,0,1,0,0,1,0.002244668911335578,0.7710437710437711,0,0,1,0
3,28.0,0,0,7.7958,28.0,0,1,0,0,1,0.001122334455667789,0.7710437710437711,0,0,1,0
2,42.0,1,0,27.0,28.0,0,1,0,0,1,0.002244668911335578,0.7710437710437711,0,0,1,0
3,35.0,0,0,8.05,24.0,0,1,0,0,1,0.001122334455667789,0.7710437710437711,0,0,1,0
3,2.0,3,2,27.9,29.0,0,1,0,1,0,0.006734006734006734,0.7710437710437711,0,0,1,0
3,31.0,0,0,8.6833,16.0,0,1,0,1,0,0.001122334455667789,0.7710437710437711,0,0,1,1
3,28.0,1,0,15.5,27.0,1,1,0,1,0,0.002244668911335578,0.7710437710437711,0,1,0,1
3,28.0,0,0,7.8958,18.0,1,1,0,0,1,0.001122334455667789,0.7710437710437711,0,0,1,0
2,19.0,1,0,26.0,33.0,0,1,0,1,0,0.002244668911335578,0.7710437710437711,0,0,1,1
3,20.0,0,0,8.6625,19.0,0,1,0,0,1,0.001122334455667789,0.7710437710437711,0,0,1,0
3,14.0,5,2,46.9,27.0,0,1,0,0,1,0.006734006734006734,0.7710437710437711,0,0,1,0
2,34.0,0,1,23.0,36.0,0,1,0,1,0,0.002244668911335578,0.7710437710437711,0,0,1,1
3,28.0,0,0,7.7375,24.0,1,1,0,1,0,0.001122334455667789,0.7710437710437711,0,1,0,1
3,28.0,0,0,7.75,17.0,1,1,0,1,0,0.001122334455667789,0.7710437710437711,0,1,0,1
3,51.0,0,0,7.75,32.0,0,1,0,0,1,0.001122334455667789,0.7710437710437711,0,0,1,0
3,28.0,0,0,7.6292,30.0,1,1,0,1,0,0.001122334455667789,0.7710437710437711,0,1,0,0
3,28.0,0,0,7.75,25.0,1,1,0,1,0,0.001122334455667789,0.7710437710437711,0,1,0,1
3,28.0,0,0,7.75,24.0,1,1,0,1,0,0.001122334455667789,0.7710437710437711,0,1,0,1
3,28.0,0,0,9.5,30.0,0,1,0,0,1,0.001122334455667789,0.7710437710437711,0,0,1,0
2,25.0,0,0,13.0,30.0,0,1,0,0,1,0.001122334455667789,0.7710437710437711,0,0,1,0
1,19.0,3,2,249.00622000000035,30.0,0,0,0,0,1,0.004489337822671156,0.004489337822671156,0,0,1,0
3,35.0,0,0,7.8958,18.0,0,1,0,0,1,0.001122334455667789,0.7710437710437711,1,0,0,0
1,35.0,1,0,83.475,44.0,0,0,0,1,0,0.002244668911335578,0.002244668911335578,0,0,1,1
3,9.0,1,1,15.9,37.0,0,1,0,0,1,0.002244668911335578,0.7710437710437711,0,0,1,1
3,20.0,0,0,4.0125,19.0,0,1,0,0,1,0.001122334455667789,0.7710437710437711,1,0,0,0
2,42.0,0,0,13.0,20.0,0,1,0,0,1,0.001122334455667789,0.7710437710437711,0,0,1,1
2,30.0,0,0,13.0,26.0,0,1,0,0,1,0.001122334455667789,0.7710437710437711,0,0,1,0
2,28.0,0,0,0.0,26.0,1,1,0,0,1,0.001122334455667789,0.7710437710437711,0,0,1,0
3,21.0,0,0,7.7958,22.0,0,1,0,0,1,0.001122334455667789,0.7710437710437711,0,0,1,1
3,47.0,0,0,7.25,26.0,0,1,0,0,1,0.001122334455667789,0.7710437710437711,0,0,1,0
1,25.0,1,2,151.55,47.0,0,0,0,1,0,0.004489337822671156,0.003367003367003367,0,0,1,0
3,16.0,0,0,9.2167,19.0,0,1,0,0,1,0.002244668911335578,0.7710437710437711,0,0,1,0
1,45.0,1,0,83.475,27.0,0,0,0,0,1,0.002244668911335578,0.002244668911335578,0,0,1,0
3,38.0,0,0,8.6625,15.0,0,1,0,0,1,0.001122334455667789,0.7710437710437711,0,0,1,0
1,56.0,0,0,35.5,35.0,0,0,0,0,1,0.001122334455667789,0.001122334455667789,1,0,0,1
3,28.0,1,1,22.3583,17.0,1,0,0,1,0,0.002244668911335578,0.001122334455667789,1,0,0,1
1,31.0,0,0,50.4958,36.0,0,0,0,0,1,0.001122334455667789,0.001122334455667789,0,0,1,0
1,30.0,0,0,93.5,21.0,0,0,0,1,0,0.002244668911335578,0.001122334455667789,0,0,1,1
1,28.0,0,0,27.7208,21.0,1,1,0,0,1,0.001122334455667789,0.7710437710437711,1,0,0,0
3,14.0,0,0,7.8542,36.0,0,1,0,1,0,0.001122334455667789,0.7710437710437711,0,0,1,0
3,16.0,0,0,7.7333,32.0,0,1,0,1,0,0.001122334455667789,0.7710437710437711,0,1,0,1
3,40.0,1,0,9.475,46.0,0,1,0,1,0,0.001122334455667789,0.7710437710437711,0,0,1,0
1,55.0,0,0,30.5,26.0,0,0,0,0,1,0.001122334455667789,0.001122334455667789,0,0,1,0
3,19.0,0,0,7.775,27.0,0,1,0,0,1,0.001122334455667789,0.7710437710437711,0,0,1,0
1,45.0,0,0,26.55,45.0,0,1,0,0,1,0.001122334455667789,0.7710437710437711,0,0,1,1
1,36.0,1,2,120.0,41.0,0,0,0,1,0,0.004489337822671156,0.004489337822671156,0,0,1,1
3,27.0,0,0,7.925,22.0,0,1,0,1,0,0.001122334455667789,0.7710437710437711,0,0,1,1
1,49.0,1,0,76.7292,40.0,0,0,0,1,0,0.003367003367003367,0.002244668911335578,1,0,0,1
1,41.0,0,0,134.5,31.0,0,0,0,1,0,0.002244668911335578,0.001122334455667789,1,0,0,1
1,19.0,1,0,53.1,25.0,0,0,0,0,1,0.001122334455667789,0.001122334455667789,0,0,1,0
3,33.0,0,0,7.775,28.0,0,1,0,0,1,0.001122334455667789,0.7710437710437711,0,0,1,0
1,27.0,1,0,53.1,29.0,0,0,0,0,1,0.002244668911335578,0.002244668911335578,0,0,1,1
1,28.0,0,0,27.7208,17.0,1,1,0,0,1,0.001122334455667789,0.7710437710437711,1,0,0,0
1,35.0,0,0,26.2875,32.0,0,0,0,0,1,0.001122334455667789,0.002244668911335578,0,0,1,1
3,29.0,1,1,10.4625,42.0,0,0,0,1,0,0.002244668911335578,0.004489337822671156,0,0,1,0
2,30.0,3,0,21.0,43.0,0,1,0,1,0,0.002244668911335578,0.7710437710437711,0,0,1,1
3,34.0,0,0,8.05,19.0,0,1,0,0,1,0.001122334455667789,0.7710437710437711,0,0,1,0
3,29.0,0,0,7.8958,18.0,0,1,0,0,1,0.001122334455667789,0.7710437710437711,1,0,0,1
1,19.0,0,0,30.0,28.0,0,0,0,1,0,0.001122334455667789,0.001122334455667789,0,0,1,1
1,35.0,0,0,135.6333,22.0,0,0,0,1,0,0.003367003367003367,0.001122334455667789,0,0,1,1
3,28.0,5,2,69.55,19.0,1,1,0,0,1,0.007856341189674524,0.7710437710437711,0,0,1,0
2,40.0,0,0,15.75,50.0,0,1,0,1,0,0.001122334455667789,0.7710437710437711,0,0,1,1
1,62.0,0,0,26.55,18.0,0,1,0,0,1,0.001122334455667789,0.7710437710437711,0,0,1,0
3,25.0,1,0,7.925,29.0,0,1,0,1,0,0.001122334455667789,0.7710437710437711,0,0,1,0
3,26.0,0,0,8.05,15.0,0,1,0,0,1,0.001122334455667789,0.7710437710437711,0,0,1,0
3,18.0,0,1,14.4542,21.0,0,1,0,1,0,0.002244668911335578,0.7710437710437711,1,0,0,0
2,34.0,1,0,21.0,23.0,0,1,0,0,1,0.002244668911335578,0.7710437710437711,0,0,1,0
3,48.0,0,0,7.8542,23.0,0,1,0,0,1,0.001122334455667789,0.7710437710437711,0,0,1,0
3,28.0,0,0,7.8958,21.0,0,1,0,0,1,0.001122334455667789,0.7710437710437711,0,0,1,0
3,24.0,2,0,24.15,20.0,0,1,0,0,1,0.002244668911335578,0.7710437710437711,0,0,1,0
2,17.0,0,0,12.0,21.0,0,1,0,1,0,0.001122334455667789,0.7710437710437711,1,0,0,1
1,38.0,1,0,71.2833,51.0,0,0,0,1,0,0.001122334455667789,0.001122334455667789,1,0,0,1
3,28.0,0,0,7.2292,15.0,1,1,0,0,1,0.001122334455667789,0.7710437710437711,1,0,0,0
3,40.0,0,0,7.8958,17.0,0,1,0,0,1,0.001122334455667789,0.7710437710437711,0,0,1,0
3,22.0,0,0,9.0,20.0,0,1,0,0,1,0.001122334455667789,0.7710437710437711,0,0,1,0
3,2.0,0,1,10.4625,26.0,0,0,0,1,0,0.002244668911335578,0.004489337822671156,0,0,1,0
1,28.0,1,0,82.1708,23.0,0,1,0,0,1,0.002244668911335578,0.7710437710437711,1,0,0,0
3,18.0,0,0,7.75,39.0,0,1,0,0,1,0.001122334455667789,0.7710437710437711,0,0,1,0
3,28.0,0,0,22.525,24.0,0,1,0,0,1,0.001122334455667789,0.7710437710437711,0,0,1,0
2,19.0,0,0,26.0,55.10000000000002,0,1,0,1,0,0.002244668911335578,0.7710437710437711,0,0,1,1
3,28.0,0,0,8.05,19.0,1,1,0,0,1,0.001122334455667789,0.7710437710437711,0,0,1,0
1,60.0,1,0,75.25,48.0,0,0,0,1,0,0.001122334455667789,0.001122334455667789,1,0,0,1
3,20.0,0,0,7.8542,26.0,0,1,0,0,1,0.001122334455667789,0.7710437710437711,0,0,1,0
1,45.0,0,0,35.5,28.0,0,0,0,0,1,0.001122334455667789,0.001122334455667789,0,0,1,0
3,28.0,0,0,8.05,30.0,1,1,0,1,0,0.001122334455667789,0.7710437710437711,0,0,1,0
2,24.0,0,0,13.0,29.0,0,0,0,1,0,0.001122334455667789,0.003367003367003367,0,0,1,1
3,28.0,0,0,7.75,16.0,1,0,0,0,1,0.001122334455667789,0.001122334455667789,0,1,0,0
3,28.0,1,0,15.5,30.0,1,1,0,1,0,0.002244668911335578,0.7710437710437711,0,1,0,1
3,39.0,1,4,31.275,27.0,0,1,0,0,1,0.007856341189674524,0.7710437710437711,0,0,1,0
3,26.0,0,0,7.8542,31.0,0,1,0,1,0,0.001122334455667789,0.7710437710437711,0,0,1,1
2,24.0,2,1,27.0,51.0,0,1,0,1,0,0.002244668911335578,0.7710437710437711,0,0,1,1
2,36.0,0,0,13.0,16.0,0,1,0,1,0,0.001122334455667789,0.7710437710437711,0,0,1,1
1,37.0,0,1,29.7,21.0,0,0,0,0,1,0.001122334455667789,0.001122334455667789,1,0,0,0
1,28.0,0,1,55.0,38.0,1,0,0,1,0,0.002244668911335578,0.002244668911335578,0,0,1,1
2,28.0,0,0,10.5,29.0,0,1,0,0,1,0.001122334455667789,0.7710437710437711,0,0,1,0
3,19.0,0,0,7.8958,17.0,0,1,0,0,1,0.001122334455667789,0.7710437710437711,0,0,1,0
3,43.0,0,0,6.45,32.0,0,1,0,0,1,0.001122334455667789,0.7710437710437711,0,0,1,0
1,25.0,1,0,91.0792,23.0,0,0,0,0,1,0.002244668911335578,0.002244668911335578,1,0,0,1
3,47.0,0,0,9.0,27.0,0,1,0,0,1,0.001122334455667789,0.7710437710437711,0,0,1,0
1,16.0,0,0,86.5,21.0,0,0,0,1,0,0.003367003367003367,0.001122334455667789,0,0,1,1
2,1.0,1,1,18.75,31.0,0,1,0,0,1,0.003367003367003367,0.7710437710437711,0,0,1,1
3,22.0,0,0,7.125,29.0,0,1,0,0,1,0.001122334455667789,0.7710437710437711,0,0,1,0
3,19.0,0,0,7.8958,20.0,0,1,0,0,1,0.001122334455667789,0.7710437710437711,0,0,1,0
2,28.0,0,0,13.5,26.0,0,1,0,0,1,0.001122334455667789,0.7710437710437711,0,0,1,0
3,14.0,4,1,39.6875,24.0,0,1,0,0,1,0.006734006734006734,0.7710437710437711,0,0,1,0
3,36.0,0,0,7.8958,19.0,0,1,0,0,1,0.001122334455667789,0.7710437710437711,0,0,1,0
1,29.0,0,0,30.0,22.0,0,0,0,0,1,0.001122334455667789,0.001122334455667789,0,0,1,0
3,42.0,0,0,7.65,40.0,0,0,0,0,1,0.001122334455667789,0.001122334455667789,0,0,1,0
1,28.0,0,0,52.0,27.0,1,0,0,0,1,0.002244668911335578,0.001122334455667789,0,0,1,0
1,27.0,0,0,76.7292,18.0,0,0,0,0,1,0.003367003367003367,0.001122334455667789,1,0,0,1
3,29.0,0,0,7.75,24.0,0,1,0,0,1,0.001122334455667789,0.7710437710437711,0,1,0,1
2,5.0,1,2,27.75,28.0,0,1,0,1,0,0.003367003367003367,0.7710437710437711,0,0,1,1
3,22.0,0,0,9.8375,27.0,0,1,0,1,0,0.001122334455667789,0.7710437710437711,0,0,1,0
3,28.0,0,0,7.75,24.0,1,1,0,0,1,0.001122334455667789,0.7710437710437711,0,1,0,0
2,30.0,0,0,13.0,21.0,0,1,0,1,0,0.001122334455667789,0.7710437710437711,0,0,1,1
1,62.0,0,0,26.55,25.0,0,0,0,0,1,0.001122334455667789,0.001122334455667789,0,0,1,0
2,34.0,0,0,13.0,21.0,0,0,0,0,1,0.001122334455667789,0.001122334455667789,0,0,1,1
3,28.0,0,0,7.8958,22.0,0,1,0,0,1,0.001122334455667789,0.7710437710437711,0,0,1,0
3,28.0,0,0,7.75,21.0,1,1,0,0,1,0.001122334455667789,0.7710437710437711,0,1,0,0
3,44.0,0,1,16.1,24.0,0,1,0,0,1,0.001122334455667789,0.7710437710437711,0,0,1,0
3,45.0,0,0,7.75,33.0,0,1,0,1,0,0.001122334455667789,0.7710437710437711,0,0,1,0
2,19.0,0,0,13.0,21.0,0,1,0,0,1,0.001122334455667789,0.7710437710437711,0,0,1,0
2,18.0,0,0,73.5,25.0,0,1,0,0,1,0.005611672278338945,0.7710437710437711,0,0,1,0
3,31.0,0,0,7.775,25.0,0,1,0,0,1,0.001122334455667789,0.7710437710437711,0,0,1,0
2,28.0,0,0,0.0,30.0,1,1,0,0,1,0.003367003367003367,0.7710437710437711,0,0,1,0
3,21.0,0,0,7.25,19.0,0,1,0,0,1,0.001122334455667789,0.7710437710437711,0,0,1,0
2,25.0,0,0,13.0,42.0,0,1,0,0,1,0.001122334455667789,0.7710437710437711,0,0,1,0
3,32.0,0,0,8.3625,32.0,0,1,0,0,1,0.001122334455667789,0.7710437710437711,0,0,1,0
2,30.0,1,0,24.0,19.0,0,1,0,0,1,0.002244668911335578,0.7710437710437711,1,0,0,0
3,40.0,0,0,7.225,17.0,0,1,0,0,1,0.001122334455667789,0.7710437710437711,1,0,0,0
3,33.0,0,0,7.8958,20.0,0,1,0,0,1,0.001122334455667789,0.7710437710437711,1,0,0,0
3,36.0,0,0,7.4958,16.0,0,1,0,0,1,0.001122334455667789,0.7710437710437711,0,0,1,0
1,47.0,1,1,52.5542,48.0,0,0,0,1,0,0.002244668911335578,0.002244668911335578,0,0,1,1
2,34.0,1,0,26.0,17.0,0,1,0,0,1,0.002244668911335578,0.7710437710437711,0,0,1,0
3,19.0,0,0,8.05,26.0,0,1,0,0,1,0.001122334455667789,0.7710437710437711,0,0,1,0
3,28.0,0,0,8.05,29.0,1,1,0,0,1,0.001122334455667789,0.7710437710437711,0,0,1,0
2,50.0,0,0,10.5,19.0,0,1,0,1,0,0.001122334455667789,0.7710437710437711,0,0,1,1
3,28.0,2,0,23.25,18.0,1,1,0,1,0,0.002244668911335578,0.7710437710437711,0,1,0,1
3,28.0,1,0,7.75,19.0,1,1,0,0,1,0.001122334455667789,0.7710437710437711,0,1,0,0
2,28.0,0,0,0.0,21.0,1,1,0,0,1,0.003367003367003367,0.7710437710437711,0,0,1,0
3,28.0,0,0,8.05,26.0,1,1,0,0,1,0.001122334455667789,0.7710437710437711,0,0,1,0
3,35.0,0,0,8.05,31.0,0,1,0,0,1,0.001122334455667789,0.7710437710437711,0,0,1,0
2,35.0,0,0,26.0,20.0,0,1,0,0,1,0.002244668911335578,0.7710437710437711,0,0,1,0
1,18.0,1,0,227.525,49.0,0,0,0,1,0,0.004489337822671156,0.001122334455667789,1,0,0,1
3,16.0,5,2,46.9,26.0,0,1,0,1,0,0.006734006734006734,0.7710437710437711,0,0,1,0
3,21.0,0,0,7.65,32.0,0,1,0,1,0,0.001122334455667789,0.7710437710437711,0,0,1,1
1,28.0,0,0,31.0,21.0,1,1,0,0,1,0.002244668911335578,0.7710437710437711,0,0,1,0
3,41.0,2,0,14.1083,23.0,0,1,0,0,1,0.001122334455667789,0.7710437710437711,0,0,1,0
1,14.0,1,2,120.0,25.0,0,0,0,1,0,0.004489337822671156,0.004489337822671156,0,0,1,1
1,21.0,0,1,77.2875,25.0,0,0,0,0,1,0.002244668911335578,0.002244668911335578,0,0,1,0
